aboard	thee	metal	stems	church	is
shorter	member	suggest	twice	throat	excited
held	nice	shoulder	famous	aid	weight
wooden	had	gravity	six	shade	unusual
indeed	discovery	pack	upward	invented	camera
took	dirt	whole	tongue	image	explanation
darkness	agree	memory	orange	high	sit
became	angry	sign	short	victory	slope
neck	loss	thank	except	skill	mysterious
myself	middle	universe	rock	jack	deer
teach	poor	massage	all	sail	support
birds	back	younger	bowl	meal	fully
shore	sell	plan	act	plural	silver
were	feed	gulf	previous	finish	mill
damage	space	golden	mine	develop	shine
ride	salt	travel	among	could	crack
caught	smooth	melted	theory	rock	flower
hair	production	accurate	victory	nine	line
pink	finally	bowl	bet	damage	hold
let	thrown	opportunity	rule	control	smooth
chest	nodded	solve	which	ruler	greatly
seeing	lower	time	crowd	consonant	active
decide	throughout	knife	did	glass	universe
final	race	carefully	factor	us	strange
not	warn	yard	term	equal	open
author	these	her	slide	planning	soldier
serve	trunk	lunch	pitch	beauty	principle
railroad	mouse	pilot	they	spring	spring
spring	mountain	station	television	tone	step
afternoon	of	shore	pupil	smile	practice
swimming	light	medicine	wolf	image	phrase
flies	movement	pan	within	farm	work
coat	planet	border	shop	dream	position
corn	door	trunk	studied	planned	near
duty	living	program	fog	walk	brass
port	noon	definition	invented	night	shown
arrow	canal	ocean	whispered	married	valuable
football	printed	limited	share	setting	coffee
structure	coast	blew	noted	brick	spring
planning	bark	molecular	cent	grew	stock
point	throat	composed	from	balance	try
health	instance	apple	even	recognize	strip
alphabet	jet	amount	save	ask	organization
wash	cup	life	famous	his	airplane
top	sat	shirt	arrow	capital	heart
until	list	cry	later	drove	shells
freedom	shop	laid	lower	reason	unit
goose	silent	task	equal	cloud	opinion
warm	everyone	browserling	electricity	kept	observe
harbor	onlinetools	roof	wagon	golden	barn
attempt	lack	storm	language	trip	string
character	fifth	numeral	dear	kids	fog
cream	bat	slept	might	another	organized
driver	silly	outside	perfectly	exist	bone
worker	examine	single	laid	knew	bell
wash	bet	silk	whether	beyond	work
remarkable	happen	tears	he	eventually	connected
clothing	harbor	language	bar	sides	cannot
compare	may	boy	led	amount	pilot
passage	music	nose	cool	pressure	mouse
sale	chance	deal	however	all	block
actual	clothing	operation	grown	wind	daughter
extra	dust	hunter	poem	important	probably
arm	for	represent	straw	fifty	radio
solid	collect	shine	smooth	straight	blue
blue	run	winter	reader	blood	could
division	steep	be	edge	command	pick
known	asleep	call	taught	similar	afraid
dish	steel	fell	complete	lunch	anyone
saddle	nine	later	characteristic	want	activity
evidence	danger	flow	once	behavior	remain
ready	thought	bell	eventually	sweet	mistake
move	dress	captured	ate	street	merely
although	purple	golden	grade	best	author
guide	touch	dig	snake	done	determine
song	arm	straw	represent	thus	western
everybody	specific	congress	symbol	wall	quietly
bottom	life	laid	hundred	chose	sell
question	though	inch	fireplace	clock	deal
ought	cowboy	can	kept	rather	fast
studying	ground	divide	dot	musical	ship
production	easily	hour	oil	concerned	those
prize	knife	immediately	safe	soap	light
direction	principle	very	police	stand	birds
article	speed	magic	gray	smallest	tonight
prepare	perfect	soon	likely	thread	smallest
sun	strong	danger	perfect	against	as
shore	adult	jungle	grass	chain	roll
factor	affect	complex	wave	film	copy
rapidly	arrange	busy	drawn	sleep	nor
pair	seed	trunk	climate	darkness	earn
newspaper	fast	us	out	cool	by
burst	does	fine	road	wood	ball
eventually	cell	discovery	pond	wear	pleasant
nearer	lucky	being	what	summer	barn
learn	mother	refer	cup	bar	anybody
leaf	product	flew	begun	tide	rear
teach	thin	central	merely	attention	could
base	grain	base	whom	bare	quarter
cup	over	smile	arrange	education	rabbit